promedio_academico,materias_reprobadas,asistencia,condicion_beca,distancia_campus,horas_trabajo_semanales,semestre_actual,modalidad,abandono
7.6,1,0.779,1,7.13,0,5,1,0
5.85,2,0.855,0,4.24,26,8,0,1
8.18,0,0.842,0,11.91,19,2,1,0
8.42,1,0.942,1,7.95,24,5,0,0
4.66,1,0.717,0,1.11,0,3,1,0
5.51,1,0.982,1,9.81,10,6,1,0
7.37,2,0.911,0,22.08,6,7,0,0
6.79,1,0.679,0,16.23,11,2,0,1
7.18,0,1.0,1,1.14,43,2,0,0
6.09,0,1.0,1,38.56,0,1,0,0
8.34,0,0.98,1,12.34,0,1,0,0
8.21,2,1.0,0,9.95,0,1,0,0
7.29,3,0.861,1,3.85,0,7,1,0
8.67,0,0.634,0,26.86,11,9,1,0
7.81,1,0.61,0,18.39,0,4,0,1
6.08,3,0.883,0,0.51,0,8,0,1
7.68,1,0.773,0,1.6,0,7,0,0
5.95,4,0.731,0,0.78,36,8,0,1
8.34,1,0.842,0,11.8,0,7,1,0
7.14,1,0.93,1,80.0,0,2,0,0
6.96,0,0.661,1,38.63,12,5,0,0
6.31,7,0.792,1,13.23,0,5,0,1
8.79,0,1.0,0,56.73,0,6,0,0
7.0,0,0.71,1,8.66,0,8,0,0
6.64,1,0.963,0,5.04,0,2,0,0
6.74,1,0.787,0,10.29,42,7,0,0
7.89,1,0.921,1,4.17,17,8,0,0
7.68,2,0.993,0,5.32,0,2,1,0
7.74,0,0.946,0,11.24,26,4,0,0
7.76,0,0.968,0,14.99,38,9,1,0
9.98,0,0.7,0,26.66,0,1,0,0
6.67,1,0.995,1,8.53,0,2,0,0
6.53,1,0.739,0,19.74,0,8,1,1
6.14,2,0.884,0,0.57,43,2,0,1
8.0,0,0.884,0,3.79,0,7,0,0
8.67,0,0.913,0,2.84,0,9,0,0
7.05,3,0.894,1,13.77,19,5,0,1
6.11,0,0.74,1,1.99,20,5,1,0
6.13,3,0.675,1,66.67,43,4,0,1
8.05,0,0.963,1,12.11,8,4,0,0
8.17,1,0.874,0,28.94,0,4,0,0
7.91,1,0.999,1,1.23,37,5,0,0
6.33,5,0.844,0,14.62,0,9,0,1
7.5,0,0.667,0,22.18,0,9,0,0
7.35,2,0.976,1,13.56,6,8,1,0
7.48,1,0.802,0,11.37,0,2,0,1
8.33,0,0.894,1,19.41,0,3,1,0
7.49,1,0.766,1,46.22,6,7,0,0
8.08,3,1.0,1,14.05,0,5,1,0
7.29,1,0.736,0,28.5,0,4,0,1
7.58,3,0.806,0,6.71,39,3,0,1
8.02,1,0.864,1,8.45,41,2,0,0
5.31,1,0.708,0,14.17,21,3,0,1
6.78,0,0.893,0,2.71,0,4,0,0
6.59,0,1.0,1,2.67,0,4,0,0
6.37,0,0.786,1,80.0,36,5,0,1
6.84,2,0.901,1,34.56,0,3,0,0
9.14,0,0.493,0,42.8,0,2,1,1
6.07,1,0.845,0,29.81,0,8,1,0
8.46,0,0.809,0,24.48,0,4,0,0
5.01,4,0.744,0,36.6,0,3,1,1
6.76,2,0.991,0,15.56,6,6,0,0
7.41,2,0.808,0,6.06,43,5,0,1
7.96,1,0.827,0,31.35,0,6,1,0
8.12,0,0.801,0,16.36,29,2,0,0
8.23,0,0.601,0,3.91,0,7,0,0
6.75,1,0.703,0,51.69,0,2,0,0
6.6,0,0.975,0,21.02,34,8,0,0
8.32,0,0.576,1,4.95,0,4,0,0
6.95,0,0.75,0,11.1,29,4,0,1
5.54,3,0.798,1,15.43,0,4,0,0
5.73,2,1.0,0,9.36,0,4,0,0
6.0,3,0.95,0,26.8,0,6,0,1
7.85,0,0.778,0,13.81,0,5,0,0
7.39,1,1.0,0,7.38,23,2,1,1
8.1,1,0.754,0,16.58,9,6,0,0
6.64,3,0.981,1,33.0,0,3,0,1
7.41,0,0.673,1,1.27,0,1,0,0
8.01,1,0.99,0,3.3,16,8,0,0
6.8,1,0.797,0,18.82,25,3,0,1
7.79,2,0.716,1,24.92,0,6,0,0
6.34,1,0.822,0,7.19,0,2,0,0
6.73,1,0.886,0,3.94,0,4,0,0
6.7,2,0.786,1,72.48,0,4,1,1
5.65,0,0.922,0,6.46,0,2,0,1
7.83,0,0.774,1,2.52,0,9,0,0
6.59,2,0.931,0,16.21,0,3,0,1
7.22,2,0.907,0,14.82,0,6,0,0
7.82,1,0.842,0,2.23,0,6,0,0
7.78,0,0.793,1,14.53,10,4,1,1
8.07,1,0.87,0,0.71,0,6,1,0
7.07,1,0.922,1,14.87,0,6,1,0
6.65,0,1.0,1,5.0,0,1,0,0
7.1,0,0.972,1,6.59,0,7,0,0
5.01,1,0.977,0,5.82,14,2,0,0
5.32,1,1.0,0,11.39,0,4,1,0
5.48,1,0.917,0,22.28,0,4,0,1
5.9,0,0.913,0,13.13,38,5,0,0
7.72,0,0.942,1,4.41,34,1,0,0
6.02,1,0.719,0,2.41,11,7,1,1
6.71,0,0.792,1,23.41,0,4,1,0
8.89,2,0.784,0,8.06,0,1,0,0
6.74,0,0.934,0,13.78,31,1,0,0
8.16,0,0.827,0,7.22,0,5,0,0
5.99,1,0.868,1,4.15,24,6,0,0
6.93,5,0.991,0,2.77,25,5,0,1
5.96,1,0.962,0,3.76,0,7,0,0
6.76,3,0.829,1,0.92,0,7,0,0
8.29,2,0.763,0,33.21,0,8,0,0
4.95,3,0.998,0,2.6,0,9,1,1
7.76,0,0.951,0,11.03,43,8,0,0
7.51,0,0.641,0,6.16,27,8,0,1
6.43,0,0.809,0,22.81,0,4,0,0
5.32,0,0.872,0,19.24,37,5,0,1
7.29,2,0.951,0,0.06,0,6,0,0
6.51,1,0.968,0,4.54,31,2,0,1
7.5,3,0.887,0,19.73,0,7,0,0
7.23,1,0.926,0,10.29,28,6,0,1
9.28,0,0.858,0,54.01,7,5,0,0
6.89,2,0.762,0,47.61,0,8,0,0
5.87,1,0.816,0,16.7,0,7,0,1
7.43,1,0.852,0,2.38,5,9,0,0
7.49,0,0.845,0,13.93,0,9,0,0
8.97,1,0.605,1,16.61,12,8,0,0
8.29,0,0.798,1,23.92,36,3,1,0
7.66,2,0.857,0,33.79,29,2,0,1
9.1,2,0.813,0,1.4,0,3,1,0
5.65,1,0.818,0,55.78,38,7,0,1
6.37,4,0.913,1,2.41,19,8,1,1
6.0,0,0.71,0,2.34,0,8,0,1
6.69,2,0.638,0,4.18,0,7,0,0
5.41,4,0.805,0,24.44,0,7,0,1
8.03,1,0.949,0,4.18,24,9,0,0
6.91,2,1.0,0,20.53,0,7,1,0
5.29,1,0.952,1,23.71,0,2,0,0
5.88,6,0.659,1,4.55,0,5,0,1
7.61,2,0.82,0,12.84,25,4,0,1
8.29,0,0.883,0,8.11,0,6,0,0
9.8,0,0.873,0,45.68,27,6,0,0
10.0,0,0.92,0,9.8,36,3,1,0
7.74,2,0.731,0,0.08,17,3,0,1
5.91,1,0.858,0,10.97,37,1,0,1
4.43,1,0.905,1,13.54,0,3,0,1
7.55,2,0.957,1,6.61,6,8,1,0
6.14,2,0.745,1,40.47,0,6,0,0
6.66,2,0.805,1,27.22,6,9,0,1
6.4,0,0.499,0,7.49,0,9,1,1
7.02,1,0.769,0,5.18,45,8,0,1
8.59,1,0.782,0,4.84,35,2,0,0
7.4,1,0.717,0,3.4,0,4,0,0
6.99,0,0.872,0,35.16,41,1,0,1
5.85,0,0.843,1,6.69,0,1,1,0
5.02,1,0.556,0,1.6,0,3,1,1
6.57,0,0.878,0,19.39,0,3,0,0
7.13,4,0.729,0,1.4,0,1,1,1
9.5,0,0.913,1,41.55,0,8,0,0
7.37,2,0.683,0,0.76,25,5,1,1
8.48,0,0.854,0,7.72,0,6,0,0
6.55,0,0.813,0,9.39,0,6,0,0
5.66,3,0.889,1,13.58,23,9,0,0
5.95,3,0.866,1,1.35,26,2,0,0
6.26,2,0.817,0,22.44,0,4,0,0
9.97,0,0.65,1,6.25,44,3,0,1
6.13,1,0.658,0,18.02,0,5,0,1
8.29,2,0.774,0,7.65,0,5,0,1
6.03,2,0.849,0,11.88,0,8,0,1
8.41,1,0.771,0,32.58,29,6,0,1
7.7,0,0.931,1,0.01,0,3,0,0
7.0,2,0.814,0,1.23,0,6,1,0
7.15,6,0.725,0,29.24,33,9,0,1
6.35,5,0.814,1,49.51,0,6,1,1
7.78,1,0.879,1,32.05,0,6,1,0
6.61,1,0.892,0,35.23,40,2,0,1
5.61,1,1.0,0,5.73,32,1,0,1
5.54,0,0.763,1,53.76,0,2,0,0
7.42,3,0.84,0,13.39,0,1,1,1
9.25,0,0.905,1,2.9,7,5,0,0
7.41,0,0.847,0,1.89,0,8,1,0
7.05,0,0.785,1,4.37,0,5,1,0
7.57,1,0.649,0,18.56,0,6,0,0
8.9,0,0.784,0,42.84,0,8,0,0
7.49,2,0.71,0,6.81,14,7,0,0
6.67,0,0.626,0,18.1,0,6,1,0
8.64,0,0.747,1,8.76,0,8,1,0
7.76,0,0.714,1,0.4,0,3,0,0
9.2,0,0.926,0,3.06,0,4,0,0
7.44,2,0.928,0,2.05,0,4,0,0
5.61,1,0.732,0,13.98,8,8,1,1
5.42,5,0.816,0,0.36,21,4,0,1
9.35,0,0.608,0,7.3,0,9,1,0
9.44,0,0.786,1,47.89,0,2,0,0
6.97,3,0.902,1,2.1,0,2,0,0
6.7,0,0.957,0,3.42,0,7,1,0
9.1,0,0.757,0,4.26,0,7,0,0
5.76,3,0.987,0,15.14,0,7,0,0
6.04,1,0.653,0,16.92,16,3,0,1
8.04,1,0.688,0,3.3,43,1,0,0
6.69,0,0.942,0,7.14,0,3,0,0
7.19,1,1.0,0,6.74,31,5,0,0
6.99,1,0.914,0,2.68,0,4,0,0
7.64,2,0.845,1,2.99,0,9,0,0
9.03,0,0.565,0,34.45,17,8,0,0
7.32,0,0.587,0,1.63,0,7,0,0
8.04,1,0.867,0,7.03,0,1,0,0
4.53,1,0.803,1,1.72,9,2,1,1
7.14,3,0.706,0,10.89,0,4,0,1
6.1,0,0.859,0,17.47,40,6,0,1
5.62,4,0.865,0,8.96,0,7,0,1
6.06,3,0.973,0,4.86,17,3,1,1
6.77,3,0.868,0,16.0,0,1,1,0
8.39,1,1.0,1,4.37,0,3,1,0
5.48,2,0.851,0,26.96,0,8,1,1
7.24,1,0.835,0,4.66,17,9,0,0
6.57,0,0.988,0,3.85,0,9,1,0
6.77,3,0.723,1,40.1,39,6,0,1
8.5,0,1.0,1,42.02,0,1,1,1
7.9,1,0.899,1,4.61,0,9,1,0
8.94,0,0.9,0,39.21,0,2,1,0
7.0,1,0.918,1,41.43,0,3,0,0
6.3,3,1.0,1,5.22,23,9,1,1
6.91,1,0.953,0,31.08,0,5,0,0
7.52,0,0.641,0,80.0,40,2,0,1
7.43,0,1.0,1,0.29,0,5,0,0
5.79,1,0.806,0,25.73,0,1,0,1
7.32,2,0.864,1,0.02,41,3,0,0
7.5,2,0.684,0,34.28,44,9,0,1
10.0,0,0.918,0,2.54,31,3,0,0
9.64,0,0.765,0,25.35,0,9,0,0
6.09,2,0.863,1,3.61,8,5,0,0
6.83,0,0.813,1,6.05,19,6,0,0
5.3,2,1.0,0,5.54,0,7,0,1
6.43,2,1.0,0,6.46,44,5,0,1
7.61,0,0.856,0,31.55,0,1,1,0
8.77,0,0.858,0,7.57,6,9,0,0
6.25,1,0.801,1,9.39,6,5,0,0
6.35,1,0.994,0,0.87,20,6,0,0
4.41,9,0.807,0,9.38,15,5,0,1
6.99,0,0.795,0,4.35,39,6,0,1
5.82,0,0.977,1,6.03,11,4,0,0
6.51,2,0.78,0,18.56,0,8,0,1
6.06,3,0.845,1,5.19,0,3,0,0
7.08,0,0.644,0,6.75,0,6,0,0
4.91,6,0.942,0,15.57,0,6,0,1
5.29,3,1.0,1,6.07,45,5,1,1
9.97,0,0.944,0,17.29,30,1,0,0
5.53,1,1.0,1,2.98,0,4,0,0
5.77,1,0.74,0,1.26,0,1,0,1
9.59,1,0.881,1,4.48,41,5,0,0
10.0,0,0.727,1,12.54,0,7,0,0
5.68,1,0.82,1,3.8,37,5,0,1
6.72,0,0.95,0,76.46,30,7,0,1
7.64,1,0.863,1,16.26,0,4,0,0
9.45,1,0.666,1,6.47,0,3,0,0
5.92,2,0.679,0,74.73,0,5,0,1
6.88,2,0.67,0,7.03,0,3,0,0
8.21,0,0.914,1,0.16,0,8,1,0
7.77,1,1.0,0,9.82,0,8,0,0
6.71,2,1.0,1,18.82,0,4,0,0
7.03,1,0.604,1,5.12,0,8,0,0
5.41,0,1.0,0,1.66,0,1,0,0
6.89,2,0.972,0,43.78,41,2,0,1
6.85,0,0.649,0,8.22,0,3,0,0
7.5,2,0.811,0,19.91,36,4,0,1
6.48,2,0.992,1,28.27,0,3,0,1
7.81,0,0.922,0,12.88,0,5,1,0
8.52,0,0.68,0,11.58,0,8,0,0
7.4,1,0.929,1,10.27,36,5,1,1
7.66,4,0.572,0,43.32,0,5,0,1
7.27,2,0.821,1,5.88,0,1,0,0
7.2,2,0.998,0,21.57,0,3,0,0
6.26,1,0.852,0,12.21,21,8,0,1
7.61,0,0.785,0,1.77,0,8,1,0
7.07,1,0.966,1,18.54,0,1,0,0
9.92,0,0.977,1,27.59,32,1,0,0
9.25,2,1.0,1,7.11,0,8,0,0
7.7,0,0.964,1,15.11,0,2,1,0
6.21,1,0.991,1,8.7,18,6,0,0
5.75,2,0.945,1,0.36,0,8,1,0
8.75,1,0.885,0,7.2,0,8,1,0
7.54,0,0.862,1,8.21,0,5,0,0
7.82,0,0.819,0,80.0,0,4,1,1
4.93,3,0.692,1,15.73,7,7,1,1
8.41,2,0.726,0,3.26,43,7,0,1
7.79,0,0.813,0,8.77,0,8,0,0
5.76,3,0.881,1,1.94,0,5,0,0
6.59,0,1.0,0,32.47,39,9,0,1
7.54,3,0.845,0,32.94,25,7,0,1
7.27,3,0.98,1,24.01,0,1,0,0
6.82,1,0.99,0,5.36,40,3,0,1
7.07,0,0.82,0,0.83,0,8,0,0
6.87,0,0.927,0,6.57,10,2,0,0
7.4,1,0.818,0,34.27,0,7,0,0
9.11,0,1.0,0,29.78,0,4,0,0
3.86,4,0.933,1,2.42,43,2,0,1
6.89,2,0.695,1,15.5,28,5,0,0
7.43,5,0.871,1,8.7,0,9,0,1
7.58,1,1.0,1,15.84,0,9,0,0
6.72,1,0.826,0,16.43,42,4,1,1
4.92,3,0.908,1,1.46,0,1,0,0
7.63,2,0.921,0,7.41,0,8,0,0
9.45,0,0.715,0,3.42,33,9,0,0
5.21,3,0.916,1,11.17,0,6,0,1
8.32,1,0.669,1,2.36,0,6,0,0
6.77,0,0.769,0,5.45,0,5,0,1
7.12,2,0.99,1,6.8,18,1,0,0
5.83,0,0.896,0,8.11,0,2,0,0
6.77,2,0.81,0,24.2,38,2,0,1
8.89,0,0.908,0,0.14,14,9,0,0
7.96,1,0.842,0,33.65,26,1,0,1
9.45,0,0.852,0,10.94,0,6,1,0
8.73,0,0.935,0,14.3,0,4,0,0
7.77,3,0.755,0,2.03,0,1,1,1
9.47,0,0.855,0,13.65,0,9,0,0
7.77,1,0.809,1,7.56,36,1,0,1
8.28,0,0.644,0,2.18,11,8,0,0
6.81,0,0.73,1,14.56,0,7,0,0
7.29,4,1.0,0,2.25,0,8,0,1
6.29,2,0.9,0,2.37,45,2,1,1
8.49,0,0.678,1,55.0,0,8,0,0
5.67,4,0.65,0,10.85,42,6,0,1
8.22,3,0.835,0,24.61,0,4,0,0
6.95,0,1.0,0,1.03,23,7,0,0
8.72,0,0.826,0,7.66,36,4,0,0
8.18,0,1.0,0,1.81,0,3,0,0
9.57,0,0.896,0,3.03,0,3,0,0
8.15,0,0.911,0,21.94,25,6,0,0
5.16,1,0.676,0,7.17,0,6,0,1
7.11,0,0.972,0,80.0,0,3,0,0
5.68,5,0.806,0,1.37,0,3,0,1
6.53,2,0.962,1,7.9,0,9,0,0
9.16,0,0.744,0,4.66,24,5,1,0
8.03,1,0.873,0,4.19,0,8,1,0
6.29,2,0.896,0,3.67,0,3,0,0
5.88,2,0.83,0,13.72,44,3,0,1
7.24,2,0.903,0,3.73,0,3,1,0
5.62,2,0.815,0,15.71,0,5,0,1
6.33,2,0.766,0,7.49,45,8,0,1
7.61,1,1.0,1,14.67,32,5,0,0
8.7,0,0.986,1,3.09,0,3,0,0
7.99,1,0.751,0,36.2,39,9,1,1
4.22,2,0.924,0,24.07,0,6,1,1
7.6,2,0.753,0,12.28,0,4,1,0
7.29,1,0.696,1,26.22,25,1,0,0
7.74,0,0.984,1,11.38,32,6,0,0
9.3,0,0.628,0,0.1,0,6,1,0
4.52,2,0.97,0,10.8,0,9,0,1
6.43,3,0.817,0,7.46,0,3,0,0
7.97,1,0.822,1,7.0,0,2,0,0
5.14,4,0.903,1,18.37,21,9,0,1
9.12,0,0.926,0,2.43,14,5,0,0
7.68,1,0.743,0,39.07,0,1,0,0
8.3,1,0.943,0,18.13,0,1,0,0
6.46,2,0.865,1,10.11,0,5,0,0
8.26,0,0.687,1,6.14,0,6,0,0
8.59,0,0.828,0,33.69,9,3,0,0
7.5,0,1.0,0,5.27,0,4,0,0
7.5,0,1.0,0,63.4,0,7,0,0
7.55,2,0.943,0,13.62,26,9,1,1
6.08,0,0.695,1,42.11,27,5,0,1
7.01,1,0.914,0,4.86,0,4,0,0
7.0,1,0.961,1,43.83,0,4,0,0
7.7,1,0.944,0,27.93,0,2,1,1
8.5,1,0.952,0,2.38,0,1,0,0
5.82,3,0.897,0,25.37,0,8,0,1
7.04,3,0.841,0,15.8,20,1,0,1
9.13,0,0.771,0,0.43,0,8,0,0
6.23,1,0.603,1,38.59,0,3,1,1
6.13,5,0.894,0,3.05,36,7,0,1
7.46,1,0.874,0,0.94,0,9,0,0
8.3,1,0.922,0,1.06,14,7,0,0
7.21,1,0.676,0,2.02,16,7,0,0
8.93,4,0.934,1,25.84,7,3,0,0
8.31,0,1.0,1,14.0,27,6,1,0
8.29,1,0.86,0,13.88,38,6,1,0
7.92,1,0.842,1,0.1,36,4,1,0
10.0,0,0.89,1,10.11,0,1,0,0
6.93,1,1.0,1,21.29,0,9,1,0
4.6,1,0.717,0,7.85,0,2,0,1
9.29,0,0.876,0,3.81,0,9,0,0
6.6,2,0.746,0,6.88,0,9,0,1
7.34,2,0.779,1,19.08,0,1,0,0
8.9,0,0.844,1,1.23,0,7,1,0
5.12,2,1.0,0,2.04,0,6,1,1
5.57,0,1.0,0,2.8,0,3,1,0
5.12,0,0.908,1,1.54,29,8,1,0
6.17,1,0.801,1,17.35,0,2,0,0
7.77,1,1.0,0,0.84,31,3,0,0
7.88,1,0.794,1,7.92,0,9,1,0
7.56,1,0.776,0,10.39,18,7,0,1
5.36,2,0.619,0,11.15,15,2,1,1
4.2,3,1.0,0,2.57,0,2,0,1
7.27,0,0.976,1,16.62,21,3,0,0
6.59,4,1.0,1,41.8,0,1,0,1
7.8,0,0.669,0,23.32,0,2,0,0
8.11,1,1.0,0,53.81,9,6,1,0
7.38,0,0.859,0,48.73,0,1,1,0
8.19,0,0.955,0,1.65,0,3,0,0
7.5,1,0.636,0,8.13,0,3,0,0
7.89,0,1.0,0,34.14,0,9,0,0
6.28,2,0.952,0,0.93,0,9,0,0
6.97,3,0.845,0,4.08,0,8,0,0
7.46,1,0.934,0,3.84,0,4,0,0
8.27,0,0.75,1,1.13,27,5,0,0
6.69,0,0.775,0,20.01,0,5,0,0
7.88,0,0.79,0,19.46,0,8,0,0
6.85,1,0.609,1,23.79,37,7,1,1
7.05,0,0.962,0,9.69,0,9,0,0
8.28,2,1.0,0,9.16,0,5,0,0
4.61,1,0.759,0,41.85,41,9,0,1
5.51,2,0.895,0,1.22,39,7,1,1
5.27,5,0.815,0,12.72,0,7,1,1
4.17,5,0.893,0,11.49,0,6,0,1
6.32,1,0.768,0,46.57,10,4,0,1
8.17,2,0.735,0,42.51,6,6,1,1
6.83,1,0.987,0,5.39,0,4,0,0
7.46,2,0.842,0,50.43,0,6,0,1
8.62,0,1.0,0,10.21,0,3,1,0
8.93,0,0.856,0,19.53,0,8,0,0
7.11,3,0.73,1,40.04,15,6,0,1
8.96,1,1.0,0,14.2,16,7,1,0
7.32,1,0.932,0,16.2,0,2,0,0
6.11,2,0.944,0,46.42,5,8,0,1
6.43,2,1.0,0,11.22,34,8,0,1
5.28,0,0.765,1,24.38,0,2,1,0
6.05,2,0.833,0,29.05,44,4,1,1
6.73,2,0.828,0,3.21,0,7,1,0
8.24,0,0.682,1,4.03,0,8,0,0
9.44,1,0.816,1,9.68,0,7,1,0
5.4,4,1.0,1,17.23,0,5,1,1
7.71,2,0.881,0,25.53,43,3,0,1
5.85,0,0.675,0,0.79,0,9,0,0
7.82,1,0.648,0,27.73,0,8,0,1
7.03,1,1.0,0,26.28,0,9,1,1
4.82,2,0.838,0,20.62,0,3,0,1
8.41,0,0.766,1,3.52,0,4,0,0
6.41,0,0.814,0,32.28,33,3,1,1
6.51,2,0.658,0,0.7,0,9,1,1
5.81,0,1.0,0,0.78,0,8,1,0
6.35,0,0.799,0,5.52,25,2,0,0
7.76,0,1.0,0,1.79,0,3,0,0
6.95,1,0.857,1,0.56,20,5,0,0
7.63,1,1.0,0,14.88,0,4,0,0
7.67,1,0.883,0,30.03,0,5,1,0
8.92,0,0.961,0,28.05,39,4,0,0
6.75,1,0.943,0,18.22,27,7,0,0
5.28,1,0.931,0,3.24,15,9,0,1
8.59,2,0.895,1,2.81,0,9,0,0
6.77,2,0.82,0,50.69,0,5,1,1
8.65,1,1.0,0,2.41,12,8,0,0
7.7,2,0.732,1,77.7,0,7,0,0
7.03,1,0.851,0,41.12,30,2,0,1
7.65,0,0.852,1,9.48,0,8,0,0
9.74,0,0.902,0,9.49,15,4,0,0
9.9,1,0.794,0,3.92,0,6,1,0
7.29,2,0.891,1,10.14,0,7,0,0
7.41,2,0.828,0,1.65,0,9,0,0
8.6,0,0.644,0,10.54,0,9,1,0
6.1,0,0.851,0,32.31,37,8,0,1
7.63,1,0.707,1,9.73,0,5,0,0
7.17,1,0.625,0,2.3,0,4,0,0
7.61,2,0.868,0,6.48,14,4,0,0
6.12,2,0.913,1,19.34,32,9,0,0
5.13,2,0.918,0,4.9,0,2,1,1
4.51,4,0.924,0,9.08,19,5,1,1
5.75,1,0.599,0,4.06,0,7,0,1
6.6,1,0.673,0,7.19,6,1,0,1
6.82,1,1.0,0,2.88,0,6,0,0
9.72,0,0.714,0,40.65,0,3,0,0
8.64,0,0.929,0,13.79,0,3,0,0
5.95,1,0.761,0,9.39,0,6,0,1
7.65,1,0.86,0,58.52,0,1,0,0
6.67,2,0.768,1,30.84,0,2,1,0
6.83,0,0.923,0,1.82,27,5,1,0
7.44,1,0.868,1,25.21,0,6,0,0
8.0,0,0.792,1,17.03,0,1,1,0
6.76,1,0.713,0,26.62,23,4,0,1
8.58,0,0.885,1,6.23,31,3,0,0
5.72,1,0.692,1,9.5,28,5,0,1
7.21,4,0.906,0,25.73,0,3,0,1
10.0,1,1.0,1,22.95,0,1,0,0
7.49,0,1.0,0,12.46,0,5,0,0
9.06,0,0.943,1,23.54,0,8,0,0
7.32,1,0.839,0,1.45,0,6,0,0
7.96,1,0.598,0,16.69,11,4,0,0
7.13,1,0.678,0,0.13,37,5,0,1
6.98,0,1.0,1,1.19,12,2,0,0
6.19,0,0.747,0,0.68,0,3,0,0
7.76,0,0.759,0,41.03,32,4,0,1
6.09,1,0.828,0,27.57,0,6,0,1
8.07,0,0.712,0,15.65,33,5,0,0
8.61,0,0.691,1,11.57,0,9,0,0
7.68,1,0.843,1,2.29,0,6,1,0
6.83,1,0.734,0,1.95,0,1,0,0
7.79,0,0.754,0,18.0,34,5,0,0
6.8,0,0.748,0,25.85,35,6,0,1
8.42,0,0.918,0,24.81,18,1,0,0
4.82,5,0.82,1,52.54,40,4,0,1
6.76,4,0.827,1,9.58,16,8,0,0
4.61,4,0.928,0,2.48,8,4,1,1
5.26,2,0.832,0,1.96,0,5,0,0
8.97,1,0.814,0,2.92,9,2,0,0
8.36,2,0.911,0,49.78,0,1,0,0
6.26,1,0.937,0,1.7,0,3,0,0
5.25,1,0.831,1,11.92,0,7,1,1
3.35,0,0.86,0,44.36,0,9,0,1
6.49,1,0.748,1,9.56,33,6,0,1
10.0,0,0.738,0,1.92,27,8,1,0
7.77,2,0.95,0,17.82,0,6,0,0
6.47,2,0.908,0,2.49,28,6,0,1
7.8,1,0.909,0,31.92,0,4,0,0
5.17,2,0.887,0,0.91,0,1,0,1
6.81,1,0.856,0,10.9,0,4,0,0
7.33,2,0.941,1,20.35,0,8,1,0
7.09,4,0.972,0,2.53,0,5,0,0
8.23,1,0.968,1,0.63,0,7,0,0
7.65,2,0.837,1,10.25,0,1,0,0
8.07,1,1.0,0,7.32,0,2,0,0
6.31,2,0.88,0,4.38,7,3,0,0
8.37,2,0.932,0,16.59,0,4,0,0
9.32,0,0.887,0,18.8,0,9,0,0
5.94,2,0.882,1,40.33,0,5,1,1
6.05,2,0.754,1,62.2,0,6,0,1
8.94,0,0.941,0,9.45,0,6,0,0
6.95,2,1.0,0,0.89,0,4,1,0
9.02,0,0.801,1,3.82,29,9,1,0
6.62,0,0.859,1,0.5,0,3,1,0
9.09,1,0.792,0,8.14,6,1,1,0
7.37,3,0.787,1,1.5,0,7,0,0
7.54,0,1.0,0,39.69,0,6,0,0
9.23,2,0.763,0,0.91,0,3,1,1
6.73,1,0.788,0,23.1,0,8,0,1
5.98,1,0.644,0,3.8,0,2,0,1
6.62,2,0.752,1,6.52,0,3,1,0
7.79,0,0.628,0,24.27,0,2,0,0
5.16,0,0.932,0,0.44,44,2,0,1
8.03,1,1.0,0,2.64,0,7,0,0
6.5,1,0.802,0,9.4,0,7,0,0
8.69,3,0.633,0,14.56,6,6,0,1
4.09,2,0.967,0,9.57,0,8,0,1
6.18,1,0.755,1,10.98,33,1,1,1
5.01,1,1.0,0,17.79,7,6,0,1
6.13,1,0.813,1,0.56,19,2,0,0
7.52,0,0.768,0,6.0,0,9,1,0
6.97,1,0.827,1,9.08,0,6,1,0
6.87,1,0.949,1,17.03,33,7,0,1
6.99,2,0.82,0,9.05,31,6,0,0
7.46,4,0.785,0,7.57,26,4,0,1
5.89,3,0.824,1,4.95,0,7,1,0
8.12,0,0.685,0,11.35,0,8,0,0
8.06,1,0.902,0,2.96,0,2,0,0
7.7,2,0.618,0,1.21,0,8,0,1
7.92,2,0.792,0,33.2,0,7,0,0
7.59,3,0.949,0,14.42,28,1,0,1
9.85,0,0.889,1,1.52,0,9,1,0
7.09,0,0.927,0,0.35,43,2,1,0
6.8,2,0.842,1,15.13,17,6,0,0
6.22,1,1.0,1,23.51,0,2,0,0
5.86,1,0.97,0,11.0,0,2,0,0
5.58,0,0.908,0,0.56,43,6,0,1
6.04,2,0.971,0,3.04,0,7,0,1
7.11,2,0.948,0,0.84,0,7,0,0
7.63,1,0.793,0,21.12,13,4,0,0
7.27,1,0.675,0,2.43,30,8,0,0
6.2,1,0.905,0,27.25,38,1,0,1
8.37,0,0.921,1,20.06,25,8,0,0
8.16,3,0.992,0,8.87,0,3,0,0
6.99,1,0.728,0,8.6,44,6,0,1
6.35,1,0.732,0,1.56,11,9,0,0
7.91,1,0.91,0,4.33,21,3,0,0
7.44,2,0.841,1,1.64,40,4,1,1
5.32,1,0.605,0,26.44,41,8,1,1
7.11,1,0.899,0,9.93,44,8,0,1
7.54,0,0.609,0,1.29,0,3,0,0
6.03,3,0.727,0,26.01,7,5,0,1
7.45,0,1.0,0,0.98,0,3,0,0
5.31,1,1.0,0,3.73,0,5,1,0
8.94,0,0.692,1,27.4,31,4,0,0
8.82,1,0.807,1,14.2,21,1,0,0
6.87,0,0.856,0,11.42,0,9,0,0
7.67,1,1.0,1,30.44,0,6,0,0
4.07,3,0.786,0,2.72,0,5,0,1
5.7,3,0.788,1,5.06,0,1,1,1
6.82,1,1.0,0,7.49,0,1,0,0
5.81,1,0.801,0,27.3,23,5,0,1
8.13,1,0.944,0,2.02,0,6,0,0
9.8,0,0.658,0,23.58,33,3,1,0
5.67,0,0.828,1,0.43,0,7,0,0
6.11,2,0.634,0,4.4,27,4,0,1
7.51,0,0.713,0,3.83,0,1,0,0
9.29,0,0.959,0,9.3,12,5,0,0
5.61,2,0.844,1,8.41,30,2,1,1
7.52,2,0.809,1,59.42,17,1,0,1
9.57,0,0.753,0,7.28,14,2,0,0
5.05,3,0.821,0,14.97,0,3,1,1
5.53,4,0.889,0,0.52,0,5,0,1
6.65,1,0.978,1,21.68,0,9,0,0
6.52,2,0.509,1,8.22,12,2,0,1
8.26,0,0.742,0,7.0,0,1,1,0
7.51,0,0.871,1,2.19,0,2,0,0
4.89,1,0.837,0,42.48,0,3,0,0
7.87,2,0.902,1,14.8,0,2,0,0
6.45,2,0.885,0,4.69,15,3,0,1
8.86,0,0.81,0,0.48,42,9,0,0
6.38,0,0.782,0,26.58,22,4,0,1
6.37,0,0.818,0,14.4,16,6,0,0
7.9,2,0.999,1,7.99,41,7,0,0
8.19,1,0.755,0,4.64,0,2,1,0
7.78,2,0.842,1,19.39,30,3,0,1
5.01,0,0.874,1,22.47,0,4,1,0
7.9,2,1.0,1,7.82,7,5,0,0
5.86,1,0.811,1,12.29,39,1,0,1
7.51,2,0.975,0,49.7,0,6,0,1
5.35,4,1.0,0,66.75,0,3,0,1
7.78,0,0.842,0,30.61,0,3,0,0
6.15,4,0.823,0,9.9,0,6,0,1
5.53,2,0.807,1,1.79,43,9,1,1
8.13,0,0.817,0,26.23,0,8,1,1
7.51,1,0.961,0,0.53,0,9,0,0
6.4,1,0.88,0,5.67,0,4,0,0
9.09,0,0.881,0,0.61,0,2,0,0
6.63,1,0.704,1,16.6,0,2,1,0
7.24,2,0.724,0,6.61,0,4,0,1
7.55,2,1.0,1,11.92,0,3,0,0
6.39,3,0.827,0,8.89,0,2,0,1
7.81,3,0.749,1,12.48,0,2,0,0
6.51,3,1.0,0,1.87,0,2,0,0
6.66,0,0.887,0,1.53,30,6,0,1
8.97,0,0.925,0,17.49,0,5,0,0
5.85,2,0.832,0,8.31,0,1,0,1
4.06,4,0.809,1,8.57,6,6,0,1
9.29,0,0.828,0,1.08,0,8,0,0
10.0,0,0.67,0,13.88,0,4,1,0
6.67,2,0.839,1,12.26,39,3,0,1
4.68,1,0.888,0,0.39,0,3,1,1
6.8,3,1.0,0,1.5,41,4,0,1
6.83,1,0.861,1,11.55,23,3,0,0
6.95,3,0.547,0,1.09,21,9,1,1
5.75,2,0.838,1,4.47,41,9,0,1
7.95,1,1.0,0,2.06,0,4,1,0
7.88,0,0.963,1,10.14,44,9,0,0
5.26,0,0.745,1,10.6,0,8,0,0
8.11,0,0.927,1,12.9,13,1,0,0
9.87,0,0.754,0,20.18,0,5,0,0
7.42,2,0.674,1,7.24,0,6,0,0
6.76,1,0.805,0,0.61,0,4,1,0
7.02,2,0.862,1,29.31,0,5,1,0
8.0,2,0.607,0,12.84,0,5,0,0
4.95,3,0.701,0,7.15,0,7,1,1
7.41,3,0.851,1,12.77,9,3,1,0
6.69,0,0.797,0,3.78,0,6,0,0
9.6,0,0.901,0,6.42,7,3,0,0
6.97,1,0.692,1,17.99,19,9,0,0
9.37,0,0.943,0,15.09,10,1,0,0
5.77,3,0.696,0,42.45,0,1,0,1
7.96,3,1.0,0,5.17,14,1,1,1
7.62,1,0.627,0,12.74,43,4,0,1
6.07,0,0.708,0,10.32,27,6,0,1
7.43,0,0.904,0,0.73,41,9,0,0
8.78,0,1.0,0,4.34,0,5,0,0
6.78,1,0.891,0,44.67,0,2,0,0
5.0,2,0.923,0,7.66,36,4,0,1
7.18,0,0.852,0,1.59,0,2,0,0
6.03,2,0.717,0,9.58,27,5,0,1
6.75,1,0.786,0,20.18,0,7,0,0
7.09,4,0.692,0,30.27,0,1,0,1
4.98,2,0.684,1,15.66,0,7,0,1
5.1,4,0.902,0,4.88,0,3,0,1
7.83,1,0.704,0,16.86,34,7,0,1
6.52,1,0.892,0,15.32,0,8,0,1
3.87,2,0.681,0,38.39,19,7,1,1
8.22,1,0.889,1,15.1,0,7,0,0
7.55,0,0.786,1,10.17,15,7,1,0
6.27,1,1.0,1,2.98,0,2,1,0
5.49,3,0.892,0,11.44,0,2,0,1
8.29,1,1.0,0,4.61,0,4,0,0
7.65,0,0.752,0,2.08,0,6,0,0
10.0,0,0.857,0,34.74,13,6,1,0
7.75,0,0.722,0,6.88,16,7,0,0
7.7,2,0.796,0,24.26,0,3,0,0
6.98,2,0.816,0,22.56,0,8,0,0
8.26,0,0.756,1,6.87,0,5,0,0
8.01,0,0.692,0,5.95,0,3,0,0
8.83,2,0.666,0,17.62,0,7,0,0
6.52,3,0.546,1,0.31,0,2,0,1
6.63,3,0.713,1,19.4,43,4,1,1
6.58,1,0.932,0,4.17,29,8,0,0
8.23,1,0.642,0,3.01,0,7,0,0
9.15,0,0.672,0,3.66,0,3,0,0
6.6,0,1.0,0,27.65,0,2,1,0
6.65,1,0.767,0,33.15,0,1,0,1
7.61,0,0.892,0,6.88,0,1,1,0
6.88,1,0.934,0,15.83,40,8,0,1
8.44,2,0.936,0,80.0,0,8,1,1
4.27,1,0.652,1,2.65,25,5,0,1
6.13,1,0.82,1,11.67,8,6,0,0
6.18,3,0.64,0,3.19,38,3,0,1
4.18,3,1.0,0,40.59,12,2,1,1
5.95,0,0.643,0,0.98,0,1,1,1
6.01,1,0.714,1,0.89,0,7,0,0
6.94,1,0.715,1,7.41,0,1,0,0
8.65,2,0.655,1,1.58,42,1,0,1
6.88,1,1.0,0,5.49,13,8,0,1
5.86,1,1.0,0,23.89,0,6,0,0
7.13,5,0.788,0,6.14,0,5,0,0
8.56,2,0.678,0,0.45,0,2,0,1
5.93,2,0.559,1,50.51,0,2,0,1
6.02,1,0.818,0,2.12,21,5,1,1
7.93,2,0.809,0,11.18,0,4,0,0
6.91,1,0.765,0,11.24,0,5,0,1
8.04,1,0.879,0,6.6,0,2,0,0
7.18,1,0.901,0,0.15,0,3,0,0
8.11,2,0.892,0,8.7,0,2,0,0
5.85,4,0.809,1,4.46,28,4,0,1
7.18,3,0.707,1,16.5,0,3,0,0
6.93,4,0.937,1,0.75,0,3,0,0
5.62,1,0.852,0,19.72,0,5,0,0
5.17,2,0.965,0,15.79,0,5,0,0
8.09,0,0.953,0,16.11,0,2,0,0
6.74,1,0.665,0,16.17,0,7,0,0
5.87,2,0.664,0,40.3,0,4,0,1
7.07,2,0.752,0,1.68,0,4,0,0
8.67,0,0.713,0,1.16,11,5,0,0
4.24,3,0.948,0,1.12,10,2,0,1
5.25,3,0.896,1,10.71,22,4,1,1
6.0,2,0.993,0,1.63,0,6,0,1
9.1,0,0.902,0,10.99,44,2,0,0
7.57,0,0.877,0,11.96,22,6,0,0
8.2,1,1.0,0,1.65,0,1,0,0
5.72,2,0.911,1,23.93,0,6,0,0
5.74,5,0.859,0,6.29,0,1,0,1
7.78,1,1.0,1,16.62,44,2,0,1
7.28,2,0.865,1,16.84,0,4,0,0
7.91,1,0.81,0,2.64,0,6,0,0
6.96,3,0.741,0,33.34,15,7,0,0
7.56,0,0.941,0,4.58,0,5,0,0
7.41,0,1.0,0,48.13,45,2,0,1
8.21,2,0.843,0,1.4,13,4,0,0
8.25,0,1.0,1,0.22,30,8,0,0
5.09,2,0.594,0,2.84,8,1,0,1
4.28,2,0.843,1,9.05,0,7,1,1
8.5,1,0.845,0,11.15,10,4,1,0
8.74,1,0.755,1,15.56,38,1,1,0
5.87,1,1.0,0,13.24,43,7,0,1
4.78,2,0.841,0,5.65,0,1,0,0
7.33,2,0.797,0,18.38,0,4,1,1
8.41,0,0.853,0,1.03,0,2,0,0
9.54,0,0.59,1,0.5,0,6,0,0
7.87,0,0.751,0,2.01,0,1,0,0
6.72,1,0.978,0,2.06,16,1,1,0
6.04,1,0.768,0,7.26,45,5,0,1
7.21,2,0.742,0,13.72,7,9,0,1
6.81,1,1.0,0,56.76,0,1,0,0
5.88,3,1.0,0,3.87,0,5,0,1
9.86,0,0.917,0,13.52,0,8,0,0
9.52,0,0.791,0,2.33,0,3,0,0
8.68,0,0.819,0,0.8,0,5,0,0
6.0,1,0.745,1,0.44,0,8,0,0
8.31,1,0.721,0,19.38,0,7,0,1
8.03,4,0.714,0,58.98,0,3,0,1
7.78,1,0.77,0,40.52,0,7,0,0
8.82,1,0.715,0,8.56,0,7,0,0
8.03,0,0.647,0,0.68,0,5,1,0
8.16,0,0.879,0,2.75,15,4,0,0
8.03,2,0.88,0,23.81,0,9,0,0
7.64,2,1.0,0,3.71,0,8,1,0
4.88,2,0.763,0,13.14,0,9,0,1
7.31,1,0.888,1,5.42,17,7,1,0
6.48,2,0.891,0,10.68,0,4,0,0
5.54,1,0.817,0,24.42,43,1,0,1
9.39,0,0.947,0,8.71,0,2,0,0
9.45,0,0.951,0,73.29,10,9,0,0
8.97,0,0.893,1,6.91,43,4,0,0
7.53,0,0.817,0,6.66,0,1,0,0
8.96,1,0.804,0,10.0,18,3,0,0
7.22,2,0.672,0,0.89,0,1,0,0
7.46,1,0.745,0,24.49,34,5,0,1
5.78,5,0.769,1,7.15,0,6,0,1
7.72,3,0.704,0,17.87,0,4,0,1
7.28,0,0.907,1,11.52,33,7,1,0
5.51,1,1.0,0,13.2,13,5,0,0
7.13,0,0.732,1,14.76,0,9,1,0
7.1,1,0.887,0,4.33,19,7,0,0
9.54,0,0.716,0,23.98,0,1,0,0
8.36,0,0.81,1,0.01,0,3,0,0
7.21,0,0.76,0,1.12,29,7,1,0
7.52,2,0.928,0,19.95,0,5,0,0
7.26,0,0.762,1,40.95,0,7,1,0
6.94,1,0.982,0,4.32,41,4,1,0
5.79,3,0.818,1,2.31,0,1,0,1
7.0,1,0.766,0,9.92,0,8,0,1
6.23,4,0.687,1,2.19,0,8,0,1
5.57,2,0.883,1,0.38,22,6,0,1
7.86,1,0.966,0,10.13,0,4,0,0
7.71,3,0.886,0,1.61,0,1,1,0
4.88,2,1.0,0,14.04,36,7,0,1
7.04,2,1.0,0,6.83,0,6,0,0
8.49,0,0.81,1,39.69,0,7,0,0
8.58,0,0.809,0,12.39,15,2,0,0
8.53,1,0.911,0,18.44,16,7,1,0
7.25,0,0.741,0,9.43,0,7,0,0
6.1,2,1.0,0,15.63,29,8,1,1
5.79,2,0.897,1,24.85,28,6,0,1
7.65,3,0.883,0,10.14,0,7,0,0
7.69,1,0.939,0,10.1,13,4,0,0
8.87,0,1.0,1,2.64,38,7,0,0
8.63,0,0.872,1,0.39,9,7,0,0
7.03,1,0.835,0,4.82,0,8,1,0
5.58,1,1.0,1,10.97,26,8,1,1
6.79,1,0.976,0,21.82,28,1,0,0
7.48,1,0.808,1,10.1,0,8,0,0
6.94,2,0.851,0,41.86,30,8,1,1
6.45,1,0.875,0,14.67,44,5,1,1
7.53,0,0.897,0,26.47,40,5,0,0
6.54,1,0.674,0,80.0,14,7,0,1
6.38,1,0.649,0,35.25,0,5,1,1
7.6,0,0.735,0,44.8,0,4,0,0
6.68,0,0.725,0,8.01,0,8,0,0
7.52,1,0.766,0,2.63,0,8,1,0
7.56,1,0.933,0,6.49,0,2,0,0
5.72,0,0.828,0,1.27,14,8,1,1
6.57,1,0.876,1,1.84,20,3,0,0
9.07,0,0.691,1,0.34,0,2,0,0
5.69,2,0.79,0,0.02,33,8,1,1
4.45,2,0.926,0,34.75,0,3,1,1
4.78,3,0.927,0,52.26,0,2,1,1
7.24,2,0.756,0,16.79,0,3,1,1
7.24,2,0.871,1,12.92,0,5,0,0
7.05,1,1.0,0,10.15,0,2,1,0
8.78,1,0.848,0,54.62,29,2,1,0
3.73,2,0.76,0,5.83,27,4,0,1
7.71,1,0.827,0,22.82,0,2,0,0
9.23,0,0.862,1,4.11,0,2,0,0
5.73,2,0.83,0,4.2,0,9,0,1
6.71,2,0.846,0,18.44,28,6,0,1
6.22,0,0.662,0,21.74,27,1,0,1
6.04,1,0.725,1,1.85,0,1,0,0
6.78,3,0.831,0,16.08,0,8,0,1
9.06,1,0.829,1,15.15,0,3,0,0
9.59,0,0.776,1,3.25,25,2,1,0
6.76,3,0.827,0,38.41,0,6,0,1
9.68,0,0.858,1,10.18,0,8,0,0
7.25,0,0.966,0,6.33,0,4,0,0
9.48,0,0.837,1,6.19,0,7,1,0
7.08,0,0.902,0,6.41,0,4,1,0
7.37,1,0.78,0,0.75,0,1,0,1
7.68,1,0.924,0,20.95,37,8,0,0
10.0,0,0.899,0,44.41,0,9,0,0
8.31,0,0.963,0,32.25,0,9,0,0
6.28,4,0.943,0,6.92,0,1,0,1
8.46,1,0.927,0,18.93,0,6,0,1
6.73,2,0.837,0,6.17,41,6,0,1
6.56,0,0.882,0,2.39,26,1,0,0
8.38,0,0.988,1,6.85,0,9,0,0
7.24,0,0.765,1,7.02,14,1,0,0
7.56,3,0.768,0,2.95,23,3,0,1
7.22,1,0.874,0,7.53,13,9,0,0
7.64,1,0.904,0,9.0,0,6,0,0
7.75,0,0.743,1,4.43,0,7,0,0
4.68,2,0.84,0,0.82,0,5,1,1
8.07,1,0.838,1,3.78,29,7,0,0
5.92,5,0.562,0,30.8,17,1,0,1
5.33,3,0.821,0,12.23,0,7,0,1
7.12,1,0.83,1,5.66,0,1,1,0
7.31,0,0.829,0,4.45,0,2,1,0
6.3,0,1.0,1,15.3,0,5,1,0
8.28,1,0.692,0,3.01,43,5,0,0
5.46,3,0.743,0,3.66,0,2,1,1
6.67,2,0.51,0,26.47,44,8,0,1
6.44,1,0.787,0,8.56,32,3,1,1
7.14,1,0.799,0,2.54,29,8,1,1
7.56,2,0.784,0,0.41,14,1,0,1
5.89,1,0.994,0,50.44,0,3,0,0
8.14,2,0.962,1,0.03,39,3,0,1
7.28,0,0.86,0,10.85,28,6,0,0
4.74,5,0.802,0,15.23,0,4,1,1
4.65,2,0.983,1,11.65,0,2,0,1
7.18,1,0.847,0,7.05,0,6,0,0
6.91,2,0.744,1,27.65,0,9,1,0
7.07,1,0.627,0,30.74,0,2,0,1
7.16,0,0.793,0,7.41,0,3,0,0
7.49,0,0.948,1,10.21,16,5,0,0
8.43,2,1.0,0,10.33,0,7,1,0
5.76,1,0.858,0,16.0,0,2,0,0
5.68,1,0.751,1,3.15,0,3,0,0
5.78,3,0.696,0,0.94,0,3,0,1
7.58,0,0.922,1,7.75,31,6,1,0
8.82,1,0.621,1,1.58,0,1,0,0
6.64,5,0.922,1,9.03,0,6,0,1
3.95,4,0.956,0,22.59,0,4,1,1
4.98,4,0.907,0,8.71,0,3,0,1
6.12,0,0.821,1,10.79,41,8,0,1
6.47,1,0.923,0,12.79,9,8,0,0
6.67,2,0.872,0,19.14,0,8,0,0
7.25,2,0.749,0,11.92,26,8,0,1
6.79,1,1.0,0,7.81,0,3,0,1
8.56,1,0.804,0,7.5,20,8,0,0
6.32,0,0.951,0,2.91,0,2,0,0
6.08,5,0.536,0,7.69,0,3,0,1
7.82,1,1.0,0,19.98,45,5,0,1
5.2,1,1.0,1,7.03,20,7,0,0
7.71,0,0.854,0,6.13,0,6,1,0
7.33,3,0.923,0,11.18,12,6,1,1
7.01,0,0.923,0,2.5,11,4,0,0
9.26,0,0.766,0,1.25,0,6,1,0
6.39,6,0.921,1,17.54,21,5,1,1
9.88,0,0.745,1,4.61,7,5,0,0
6.91,0,0.771,0,4.1,0,6,1,0
5.54,1,0.997,0,27.82,0,6,1,1
7.29,0,0.977,0,32.6,34,3,0,0
5.8,3,0.758,0,9.47,38,2,0,1
6.22,2,0.755,0,13.4,0,3,0,1
7.72,1,0.766,0,45.61,0,4,0,0
7.92,1,0.945,0,6.88,0,2,0,0
6.39,1,0.72,0,26.68,15,2,0,1
8.48,1,0.896,0,17.77,35,9,0,0
8.7,1,0.947,0,40.44,0,3,0,0
9.07,1,0.839,0,3.46,20,7,1,0
7.89,0,0.981,0,22.07,8,2,0,0
8.97,0,0.81,0,2.32,0,9,0,0
4.75,2,0.822,0,22.01,0,2,0,1
6.79,0,0.723,0,5.2,0,4,0,0
6.07,1,0.982,0,0.77,0,8,0,0
7.35,0,0.75,1,23.66,0,2,0,0
6.46,4,0.895,1,0.71,13,5,0,0
6.98,0,0.841,0,25.06,34,8,0,0
9.65,0,0.713,0,2.87,0,1,0,0
6.98,2,0.771,1,11.16,25,1,0,0
7.74,1,1.0,0,0.44,11,8,0,0
6.9,1,0.876,0,1.05,0,3,0,0
7.3,1,0.719,0,3.95,0,9,0,0
7.21,3,0.89,0,6.02,16,9,1,0
7.78,1,0.831,0,2.59,20,8,0,0
8.71,0,1.0,0,1.6,0,9,0,0
9.34,0,0.887,0,2.06,35,8,0,0
7.6,1,0.801,0,8.95,42,4,0,1
7.97,0,1.0,0,0.8,18,9,1,0
5.7,1,0.611,0,32.36,24,4,0,1
7.09,0,0.862,1,33.14,0,6,0,0
8.42,1,1.0,0,0.88,0,1,0,0
8.33,2,0.835,0,16.52,0,9,0,0
7.48,2,0.625,0,15.4,9,6,0,0
8.35,0,0.799,1,10.82,12,9,0,0
7.84,0,1.0,0,3.83,21,4,0,0
8.76,0,0.899,0,10.87,0,3,0,1
7.58,3,0.741,0,25.66,0,5,0,1
6.74,2,0.761,1,4.6,0,8,1,0
7.64,1,0.777,1,20.96,0,5,0,0
3.39,0,0.897,1,8.32,0,8,0,0
7.7,2,1.0,0,29.7,23,2,0,0
2.46,2,0.987,0,12.8,0,7,0,1
4.96,0,0.909,0,23.26,33,7,0,1
7.79,2,0.677,0,40.46,22,9,0,1
7.82,0,0.677,1,7.57,32,1,0,0
5.69,1,0.919,0,15.07,0,4,0,0
6.27,3,0.675,0,47.34,5,1,0,1
8.98,0,0.821,1,74.4,19,4,0,0
6.57,0,0.89,0,11.07,0,7,0,0
10.0,0,0.702,0,38.31,21,6,0,0
7.2,6,0.717,0,6.11,14,7,0,1
7.73,0,0.838,1,6.88,0,7,0,0
9.3,0,0.915,1,37.04,0,9,0,0
7.37,0,0.988,0,13.31,0,8,1,0
5.9,0,0.929,1,23.91,0,6,0,0
7.06,1,0.86,1,6.19,32,8,0,0
7.15,2,0.753,1,21.96,0,1,0,0
5.43,2,0.711,1,25.73,0,7,1,1
6.87,1,0.784,0,6.62,0,5,0,0
6.24,2,0.903,1,9.65,0,9,0,1
8.4,1,0.894,0,5.46,0,5,0,0
7.24,2,0.577,1,29.27,17,2,0,1
6.83,2,0.748,0,16.16,0,7,1,0
7.06,0,1.0,1,2.44,0,9,0,0
7.49,1,0.86,1,41.8,42,1,0,0
8.0,0,0.666,0,14.26,40,1,0,1
5.9,0,1.0,1,6.72,0,6,0,0
5.85,2,0.846,0,13.26,0,6,1,1
8.64,0,0.9,0,3.25,0,5,1,0
6.66,3,0.902,0,5.09,0,1,1,0
5.36,0,0.802,1,26.24,0,6,0,0
7.78,1,0.755,0,5.03,43,6,0,1
7.8,2,1.0,0,52.73,40,8,0,1
5.21,3,0.98,0,3.64,0,4,0,1
7.5,0,0.957,0,30.18,33,4,1,1
8.16,1,0.925,0,30.66,0,1,0,0
7.69,0,0.72,1,17.21,0,6,0,0
8.02,1,1.0,1,3.48,0,6,0,0
5.37,0,0.74,1,6.36,0,3,1,0
7.63,1,0.887,0,10.05,31,7,0,0
6.81,1,0.637,1,20.54,0,9,0,0
6.57,1,0.585,0,54.21,28,2,0,1
8.33,2,0.891,0,15.51,0,6,1,1
9.12,1,0.745,0,16.33,32,7,0,1
9.53,0,0.591,0,21.07,38,1,0,1
8.91,1,0.92,0,8.32,0,2,0,0
7.06,2,1.0,1,3.48,0,4,1,0
7.66,0,1.0,0,32.09,34,2,1,0
8.2,0,0.817,0,56.76,0,4,0,0
7.36,1,0.851,0,23.55,0,2,0,1
7.37,0,0.965,1,4.5,32,9,0,0
8.27,0,0.996,0,14.1,0,6,0,0
